{
  "calidad": {
    "f1_macro": 0.9496527935220836,
    "mcc": 0.9229415121624261,
    "kappa": 0.9229308801517281,
    "balanced_accuracy": 0.9495534092389996,
    "auc_macro": 0.9941805193772817
  },
  "tama\u00f1o": {
    "f1_macro": 0.9181430864099047,
    "mcc": 0.8771809396259466,
    "kappa": 0.8768513664172226,
    "balanced_accuracy": 0.9179694757936122,
    "auc_macro": 0.9878868449571753
  }
}